2001,Economic Sciences,A. Michael Spence,2/21/1961,"Montclair, NJ"
1975,Physics,Aage N. Bohr,6/19/1922,Copenhagen
2004,Chemistry,Aaron Ciechanover,10/1/1947,Haifa
1982,Chemistry,Aaron Klug,8/11/1926,Zelvas
1979,Physics,Abdus Salam,1/29/1926,Jhang Maghiāna
2019,Economic Sciences,Abhijit Banerjee,2/21/1961,Mumbai
2019,Peace,Abiy Ahmed Ali,8/15/1976,Beshasha
2009,Chemistry,Ada E. Yonath,6/22/1939,Jerusalem
2011,Physics,Adam G. Riess,12/16/1969,"Washington, DC"
1939,Chemistry,Adolf Butenandt,3/24/1903,Bremerhaven-Lehe
1905,Chemistry,Adolf von Baeyer,1835-10-31,Berlin
1928,Chemistry,Adolf Windaus,1876-12-25,Berlin
1980,Peace,Adolfo Pérez Esquivel,11/26/1931,Buenos Aires
1999,Chemistry,Ahmed Zewail,2/26/1946,Damanhur
2010,Chemistry,Akira Suzuki,9/12/1930,Mukawa
2019,Chemistry,Akira Yoshino,1/30/1948,Suita
2007,Peace,Al Gore,3/31/1948,"Washington, DC"
2000,Chemistry,Alan Heeger,1/22/1936,"Sioux City, IA"
1963,Physiology or Medicine,Alan Hodgkin,2/5/1914,Banbury
2000,Chemistry,Alan MacDiarmid,4/14/1927,Masterton
1907,Physics,Albert A. Michelson,1852-12-19,Strelno
1957,Literature,Albert Camus,11/7/1913,Mondovi
1974,Physiology or Medicine,Albert Claude,1898-08-24,Longlier
1921,Physics,Albert Einstein,1879-03-14,Ulm
2007,Physics,Albert Fert,3/7/1938,Carcassonne
1902,Peace,Albert Gobat,1843-05-21,Tramelan
1960,Peace,Albert Luthuli,1898-00-00,Bulawayo
1952,Peace,Albert Schweitzer,1875-01-14,Kaysersberg
1937,Physiology or Medicine,Albert Szent-Györgyi,1893-09-16,Budapest
1910,Physiology or Medicine,Albrecht Kossel,1853-09-16,Rostock
1964,Physics,Aleksandr M. Prokhorov,7/11/1916,Atherton
1970,Literature,Alexandr Solzhenitsyn,12/11/1918,Kislovodsk
2003,Physics,Alexei Abrikosov,6/25/1928,Moscow
1912,Physiology or Medicine,Alexis Carrel,1873-06-28,Sainte-Foy-lès-Lyon
1982,Peace,Alfonso García Robles,3/20/1911,Zamora
1969,Physiology or Medicine,Alfred D. Hershey,12/4/1908,"Owosso, MI"
1911,Peace,Alfred Fried,1864-11-11,Vienna
1994,Physiology or Medicine,Alfred G. Gilman,7/1/1941,"New Haven, CT"
1966,Physics,Alfred Kastler,5/3/1902,Guebwiller
1913,Chemistry,Alfred Werner,1866-12-12,Mulhouse
2013,Literature,Alice Munro,7/10/1931,Wingham
1979,Physiology or Medicine,Allan M. Cormack,2/23/1924,Johannesburg
1911,Physiology or Medicine,Allvar Gullstrand,1862-06-05,Landskrona
1907,Physiology or Medicine,Alphonse Laveran,1845-06-18,Paris
1982,Peace,Alva Myrdal,1/31/1902,Uppsala
2012,Economic Sciences,Alvin E. Roth,12/18/1951,"New York, NY"
1998,Economic Sciences,Amartya Sen,11/3/1933,Santiniketan
1947,Peace,American Friends Service Committee,,
1977,Peace,Amnesty International,,
1921,Literature,Anatole France,1844-04-16,Paris
1956,Physiology or Medicine,André F. Cournand,1895-09-24,Paris
2010,Physics,Andre Geim,10/21/1958,Sochi
1947,Literature,André Gide,1869-11-22,Paris
1965,Physiology or Medicine,André Lwoff,5/8/1902,Ainay-le-Château
1975,Peace,Andrei Sakharov,5/21/1921,Moscow
1963,Physiology or Medicine,Andrew Huxley,11/22/1917,Hampstead
1977,Physiology or Medicine,Andrew V. Schally,11/30/1926,Wilno
2006,Physiology or Medicine,Andrew Z. Fire,4/27/1959,"Stanford, CA"
2015,Economic Sciences,Angus Deaton,10/19/1945,Edinburgh
2003,Physics,Anthony J. Leggett,3/26/1938,London
1974,Physics,Antony Hewish,5/11/1924,Fowey
1978,Peace,Anwar al-Sadat,12/25/1918,Mit Abu al-Kawm
1952,Chemistry,Archer J.P. Martin,3/1/1910,London
1922,Physiology or Medicine,Archibald V. Hill,1886-09-26,Bristol
2013,Chemistry,Arieh Warshel,11/20/1940,Kibbutz Sde-Nahum
1926,Peace,Aristide Briand,1862-03-28,Nantes
1948,Chemistry,Arne Tiselius,8/10/1902,Stockholm
1978,Physics,Arno Penzias,4/26/1933,Munich
2018,Physics,Arthur Ashkin,9/2/1922,"New York, NY"
2015,Physics,Arthur B. McDonald,8/29/1943,Sydney
1927,Physics,Arthur H. Compton,1892-09-10,"Wooster, OH"
1929,Chemistry,Arthur Harden,1865-10-12,Manchester
1934,Peace,Arthur Henderson,1863-09-13,Glasgow
1959,Physiology or Medicine,Arthur Kornberg,3/3/1918,"Brooklyn, NY"
1981,Physics,Arthur L. Schawlow,5/5/1921,"Mount Verno, NY"
1945,Chemistry,Artturi Virtanen,1895-01-15,Helsinki
2000,Physiology or Medicine,Arvid Carlsson,1/25/1923,Uppsala
1920,Physiology or Medicine,August Krogh,1874-11-15,Grenå
1909,Peace,Auguste Beernaert,1829-07-26,Ostend
1991,Peace,Aung San Suu Kyi ,6/19/1945,Rangoon
2004,Chemistry,Avram Hershko,12/31/1937,Karcag
2015,Chemistry,Aziz Sancar,9/8/1946,Savur
2009,Peace,Barack H. Obama,8/4/1961,"Honolulu, HI"
1983,Physiology or Medicine,Barbara McClintock,6/16/1902,"Hartford, CT"
2017,Physics,Barry C. Barish,1/27/1936,"Omaha, NE"
2005,Physiology or Medicine,Barry J. Marshall,9/30/1951,Kalgoorlie
2001,Chemistry,Barry Sharpless,4/28/1941,"Philadelphia, PA"
1976,Physiology or Medicine,Baruch S. Blumberg,7/28/1925,"New York, NY"
1980,Physiology or Medicine,Baruj Benacerraf,10/29/1920,Caracas
1975,Physics,Ben R. Mottelson,7/9/1926,"Chicago, IL"
2016,Economic Sciences,Bengt Holmström,4/18/1949,Helsinki
1982,Physiology or Medicine,Bengt I. Samuelsson,5/21/1934,Halmstad
2016,Chemistry,Bernard L. Feringa,5/18/1951,Barger-Compascuum
1947,Physiology or Medicine,Bernardo Houssay,1887-04-10,Buenos Aires
1991,Physiology or Medicine,Bert Sakmann,6/12/1942,Stuttgart
1905,Peace,Bertha von Suttner,1843-06-09,Prague
1977,Economic Sciences,Bertil Ohlin,1899-04-23,Klippan
1994,Physics,Bertram N. Brockhouse,7/15/1918,"Lethbridge, Alberta"
1950,Literature,Bertrand Russell,1872-05-18,Trelleck
1976,Peace,Betty Williams,5/22/1943,Belfast
1903,Literature,Bjørnstjerne Bjørnson,1832-12-08,Kvikne
2016,Literature,Bob Dylan,5/24/1941,"Duluth, MN"
1958,Literature,Boris Pasternak,1890-02-10,Moscow
1973,Physics,Brian D. Josephson,1/4/1940,Cardiff
2012,Chemistry,Brian Kobilka,5/30/1955,"Little Falls, MN"
2011,Physics,Brian P. Schmidt,2/24/1967,"Missoula, MT"
2011,Physiology or Medicine,Bruce A. Beutler,12/29/1957,"Chicago, IL"
1984,Chemistry,Bruce Merrifield,7/15/1921,"Fort Worth, TX"
1976,Physics,Burton Richter,3/22/1931,"Brooklyn, NY"
1927,Physics,C.T.R. Wilson,1869-02-14,Glencorse
1906,Physiology or Medicine,Camillo Golgi,1843-07-07,Corteno
1989,Literature,Camilo José Cela,5/11/1916,Iria Flavia
1931,Chemistry,Carl Bosch,1874-08-27,Cologne
1947,Physiology or Medicine,Carl Cori,1896-12-05,Prague
1936,Physics,Carl D. Anderson,9/3/1905,"New York, NY"
1919,Literature,Carl Spitteler,1845-04-24,Liestal
1935,Peace,Carl von Ossietzky,1889-10-03,Hamburg
2001,Physics,Carl Wieman,3/26/1951,"Corvallis, OR"
1984,Physics,Carlo Rubbia,3/31/1934,Gorizia
1996,Peace,Carlos Filipe Ximenes Belo,2/3/1948,Wailacama
1936,Peace,Carlos Saavedra Lamas,1878-11-01,Buenos Aires
2009,Physiology or Medicine,Carol W. Greider,4/15/1961,"San Diego, CA"
1950,Physics,Cecil Powell,12/5/1903,Tonbridge
1984,Physiology or Medicine,César Milstein,10/8/1927,Bahia Blanca
1966,Physiology or Medicine,Charles B. Huggins,9/22/1901,Halifax
1920,Physics,Charles Edouard Guillaume,1861-02-15,Fleurier
1925,Peace,Charles G. Dawes,1865-08-27,"Marietta, OH"
1917,Physics,Charles Glover Barkla,1877-06-07,Widnes
1964,Physics,Charles H. Townes,7/28/1915,"Greenville, SC"
1987,Chemistry,Charles J. Pedersen,10/3/1904,Pusan
2009,Physics,Charles K. Kao,11/4/1933,Shanghai
1928,Physiology or Medicine,Charles Nicolle,1866-09-21,Rouen
1913,Physiology or Medicine,Charles Richet,1850-08-26,Paris
1957,Physics,Chen Ning Yang,9/22/1922,"Hofei, Anhwei"
1929,Physiology or Medicine,Christiaan Eijkman,1858-08-11,Nijkerk
1972,Chemistry,Christian Anfinsen,3/26/1916,"Monessen, PA"
1974,Physiology or Medicine,Christian de Duve,10/2/1917,Thames Ditton
1921,Peace,Christian Lange,1869-09-17,Stavanger
1995,Physiology or Medicine,Christiane Nüsslein-Volhard,10/20/1942,Magdeburg
2010,Economic Sciences,Christopher A. Pissarides,2/20/1948,Nicosia
2011,Economic Sciences,Christopher A. Sims,10/21/1942,"Washington, DC"
1997,Physics,Claude Cohen-Tannoudji,4/1/1933,Constantine
1985,Literature,Claude Simon,10/10/1913,Tananarive
1994,Physics,Clifford G. Shull,9/23/1915,"Pittsburgh, PA"
1937,Physics,Clinton Davisson,1881-10-22,"Bloomington, IL"
2003,Economic Sciences,Clive W.J. Granger,9/4/1934,Swansea
1945,Peace,Cordell Hull,1871-10-02,"Olympus, TN"
1938,Physiology or Medicine,Corneille Heymans,1892-03-28,Ghent
2006,Physiology or Medicine,Craig C. Mello,10/19/1960,"New Haven, CT"
1980,Literature,Czeslaw Milosz,6/30/1911,Śeteniai
1976,Physiology or Medicine,D. Carleton Gajdusek,9/9/1923,"Yonkers, NY"
1961,Peace,Dag Hammarskjöld,7/29/1905,Jönköping
2010,Economic Sciences,Dale T. Mortensen,2/2/1939,"Enterprise, OR"
2011,Chemistry,Dan Shechtman,1/24/1941,Tel Aviv
1957,Physiology or Medicine,Daniel Bovet,3/23/1907,Neuchâtel
1998,Physics,Daniel C. Tsui,2/28/1939,Henan
2002,Economic Sciences,Daniel Kahneman,3/5/1934,Tel Aviv
2000,Economic Sciences,Daniel L. McFadden,7/29/1937,"Raleigh, NC"
1978,Physiology or Medicine,Daniel Nathans,10/30/1928,"Wilmington, DE"
1997,Literature,Dario Fo,3/24/1926,Leggiuno-Sangiano
1975,Physiology or Medicine,David Baltimore,3/7/1938,"New York, NY"
1981,Physiology or Medicine,David H. Hubel,2/27/1926,"Windsor, ON"
2004,Physics,David J. Gross,2/19/1941,"Washington, DC"
2016,Physics,David J. Thouless,9/21/1934,Bearsden
2012,Physics,David J. Wineland,2/24/1944,"Milwaukee, WI"
1996,Physics,David M. Lee,1/20/1931,"Rye, NY"
1998,Peace,David Trimble,10/15/1944,Belfast
2018,Peace,Denis Mukwege,3/1/1955,Bukavu
1971,Physics,Dennis Gabor,6/5/1900,Budapest
1969,Chemistry,Derek Barton,9/8/1918,Gravesend
1992,Literature,Derek Walcott,1/23/1930,Castries
1984,Peace,Desmond Tutu,10/7/1931,Klerksdorp
1956,Physiology or Medicine,Dickinson W. Richards,1895-10-30,"Orange, NJ"
2019,Physics,Didier Queloz,2/23/1966,Geneva
1960,Physics,Donald A. Glaser,9/21/1926,"Cleveland, OH"
1987,Chemistry,Donald J. Cram,4/22/1919,"Chester, VT"
2018,Physics,Donna Strickland,5/27/1959,Guelph
2007,Literature,Doris Lessing,10/22/1919,Kermanshah
1964,Chemistry,Dorothy Crowfoot Hodgkin,5/12/1910,Cairo
1996,Physics,Douglas D. Osheroff,8/1/1945,"Aberdeen, WA"
1993,Economic Sciences,Douglass C. North,11/5/1920,"Cambridge, MA"
1986,Chemistry,Dudley R. Herschbach,6/18/1932,"San José, CA"
1990,Physiology or Medicine,E. Donnall Thomas,3/15/1920,"Mart, TX"
1952,Physics,E. M. Purcell,8/30/1912,"Taylorville, IL"
1971,Physiology or Medicine,"Earl W. Sutherland, Jr.",11/19/1915,"Burlingame, KS"
1932,Physiology or Medicine,Edgar Adrian,1889-11-30,London
1992,Physiology or Medicine,Edmond H. Fischer,4/6/1920,Shanghai
2006,Economic Sciences,Edmund S. Phelps,7/26/1933,"Evanston, IL"
1907,Chemistry,Eduard Buchner,1860-05-20,Munich
2014,Physiology or Medicine,Edvard I. Moser,4/27/1962,Ålesund
1943,Physiology or Medicine,Edward A. Doisy,1893-11-13,"Hume, IL"
1995,Physiology or Medicine,Edward B. Lewis,5/20/1918,"Wilkes-Barre, PA"
1950,Physiology or Medicine,Edward C. Kendall,1886-03-08,"South Norwalk, CT"
2004,Economic Sciences,Edward C. Prescott,12/26/1940,"Glens Falls, NY"
1958,Physiology or Medicine,Edward Tatum,12/14/1909,"Boulder, CO"
1947,Physics,Edward V. Appleton,1892-09-06,Bradford
1992,Physiology or Medicine,Edwin G. Krebs,6/6/1918,"Lansing, IA"
1951,Chemistry,Edwin M. McMillan,9/18/1907,"Redondo Beach, CA"
1949,Physiology or Medicine,Egas Moniz,1874-11-29,Avanca
2010,Chemistry,Ei-ichi Negishi,7/14/1935,Changchun
1974,Peace,Eisaku Sato,3/27/1901,Tabuse
2004,Literature,Elfriede Jelinek,10/20/1946,Mürzzuschlag
1981,Literature,Elias Canetti,7/25/1905,Ruse
1990,Chemistry,Elias James Corey,7/12/1928,"Methuen, MA"
1902,Peace,Élie Ducommun,1833-02-19,Geneva
1986,Peace,Elie Wiesel,9/30/1928,Sighet
1912,Peace,Elihu Root,1845-02-15,"Clinton, NY"
2009,Economic Sciences,Elinor Ostrom,8/7/1933,"Los Angeles, CA"
2009,Physiology or Medicine,Elizabeth H. Blackburn,11/26/1948,"Hobart, Tasmania"
2011,Peace,Ellen Johnson Sirleaf,10/29/1938,Monrovia
1902,Chemistry,Emil Fischer,1852-10-09,Euskirchen
1901,Physiology or Medicine,Emil von Behring,1854-03-15,Hansdorf
1959,Physics,Emilio Segrè,2/1/1905,Tivoli
1946,Peace,Emily Greene Balch,1867-01-08,"Jamaica Plain, MA"
1938,Physics,Enrico Fermi,9/29/1901,Rome
2014,Chemistry,Eric Betzig,1/13/1960,"Ann Arbor, MI"
2001,Physics,Eric Cornell,12/19/1961,"Palo Alto, CA"
1995,Physiology or Medicine,Eric F. Wieschaus,6/8/1947,"South Bend, IN"
2000,Physiology or Medicine,Eric Kandel,11/7/1929,Vienna
2007,Economic Sciences,Eric S. Maskin,12/12/1950,"New York, NY"
1931,Literature,Erik Axel Karlfeldt,1864-07-20,Karlbo
1954,Literature,Ernest Hemingway,1899-07-21,"Oak Park, IL"
1939,Physics,Ernest Lawrence,8/8/1901,"Canton, SD"
1908,Chemistry,Ernest Rutherford,1871-08-30,Nelson
1951,Physics,Ernest T.S. Walton,10/6/1903,Dungarvan
1907,Peace,Ernesto Teodoro Moneta,1833-09-20,Milan
1945,Physiology or Medicine,Ernst B. Chain,6/19/1906,Berlin
1973,Chemistry,Ernst Otto Fischer,11/10/1918,Munich
1986,Physics,Ernst Ruska,12/25/1906,Heidelberg
1991,Physiology or Medicine,Erwin Neher,3/20/1944,Landsberg
1933,Physics,Erwin Schrödinger,1887-08-12,Vienna
2019,Economic Sciences,Esther Duflo,10/25/1972,Paris
2013,Economic Sciences,Eugene F. Fama,2/14/1939,"Boston, MA"
1936,Literature,Eugene O'Neill,1888-10-16,"New York, NY"
1963,Physics,Eugene Wigner,11/17/1902,Budapest
1975,Literature,Eugenio Montale,1896-10-12,Genoa
2012,Peace,European Union (EU),,
1974,Literature,Eyvind Johnson,7/29/1900,Svartbjörnsbyn
2016,Physics,F. Duncan M. Haldane,9/14/1951,London
1995,Chemistry,F. Sherwood Rowland,6/28/1927,"Delaware, OH"
1993,Peace,F.W. de Klerk,3/18/1936,Johannesburg
1952,Physics,Felix Bloch,10/23/1905,Zurich
1964,Physiology or Medicine,Feodor Lynen,4/6/1911,Munich
1909,Physics,Ferdinand Braun,1850-06-06,Fulda
1927,Peace,Ferdinand Buisson,1841-12-20,Paris
1998,Physiology or Medicine,Ferid Murad,9/14/1936,"Whiting, IN"
2004,Economic Sciences,Finn E. Kydland,12/1/1943,Gjesdal
2018,Chemistry,Frances H. Arnold,7/25/1956,"Pittsburgh, PA"
1962,Physiology or Medicine,Francis Crick,6/8/1916,Northampton
1922,Chemistry,Francis W. Aston,1877-09-01,Harborne
1985,Economic Sciences,Franco Modigliani,6/18/1918,Rome
2013,Physics,François Englert,11/6/1932,Etterbeek
1965,Physiology or Medicine,François Jacob,6/17/1920,Nancy
1952,Literature,François Mauriac,1885-10-11,Bordeaux
2008,Physiology or Medicine,Françoise Barré-Sinoussi,7/30/1947,Paris
1929,Peace,Frank B. Kellogg,1856-12-22,"Potsdam, NY"
2004,Physics,Frank Wilczek,5/15/1951,"New York, NY"
1939,Literature,Frans Eemil Sillanpää,1888-09-16,Hämeenkyrö
1935,Chemistry,Frédéric Joliot,3/19/1900,Paris
1904,Literature,Frédéric Mistral,1830-09-08,Maillane
1901,Peace,Frédéric Passy,1822-05-20,Paris
1954,Physiology or Medicine,Frederick C. Robbins,8/25/1916,"Auburn, AL"
1923,Physiology or Medicine,Frederick G. Banting,1891-11-14,Alliston
1995,Physics,Frederick Reines,3/16/1918,"Paterson, NJ"
1958,Chemistry,Frederick Sanger,8/13/1918,Rendcombe
1921,Chemistry,Frederick Soddy,1877-09-02,Eastbourne
1908,Peace,Fredrik Bajer,1837-04-21,Næstved
1922,Peace,Fridtjof Nansen,1861-10-10,Kristiania
1931,Chemistry,Friedrich Bergius,1884-10-11,"Goldschmieden, near Breslau"
1974,Economic Sciences,Friedrich von Hayek,1899-05-08,Vienna
1947,Peace,Friends Service Council,,
1953,Physics,Frits Zernike,1888-07-16,Amsterdam
1918,Chemistry,Fritz Haber,1868-12-09,Breslau
1953,Physiology or Medicine,Fritz Lipmann,1899-06-12,Koenigsberg
1923,Chemistry,Fritz Pregl,1869-09-03,Laibach
1982,Literature,Gabriel García Márquez,3/6/1927,Aracataca
1908,Physics,Gabriel Lippmann,1845-08-16,Hollerich
1945,Literature,Gabriela Mistral,1889-04-07,Vicuña
2000,Literature,Gao Xingjian,1/4/1940,Ganzhou
1992,Economic Sciences,Gary Becker,12/2/1930,"Pottsville, PA"
1973,Chemistry,Geoffrey Wilkinson,7/14/1921,Todmorden
1961,Physiology or Medicine,Georg von Békésy,1899-06-03,Budapest
1979,Chemistry,Georg Wittig,1897-06-16,Berlin
2001,Economic Sciences,George A. Akerlof,6/17/1940,"New Haven, CT"
1994,Chemistry,George A. Olah,5/22/1927,Budapest
1958,Physiology or Medicine,George Beadle,10/22/1903,"Wahoo, NE"
1925,Literature,George Bernard Shaw,1856-07-26,Dublin
1953,Peace,George C. Marshall,1880-12-31,"Uniontown, PA"
1980,Physiology or Medicine,George D. Snell,12/19/1903,"Bradford, MA"
1943,Chemistry,George de Hevesy,1885-08-01,Budapest
1974,Physiology or Medicine,George E. Palade,11/19/1912,Lasi
2009,Physics,George E. Smith,5/10/1930,"White Plains, NY"
2006,Physics,George F. Smoot,2/20/1945,"Yukon, FL"
1988,Physiology or Medicine,George H. Hitchings,4/18/1905,"Hoquiam, WA"
1934,Physiology or Medicine,George H. Whipple,1878-08-28,"Ashland, NH"
1982,Economic Sciences,George J. Stigler,1/17/1911,"Renton, WA"
2018,Chemistry,George P. Smith,3/10/1941,"Norwalk, CT"
1937,Physics,George Paget Thomson,1892-05-03,Cambridge
1967,Chemistry,George Porter,12/6/1920,Stainforth
1934,Physiology or Medicine,George R. Minot,1885-12-02,"Boston, MA"
1967,Physiology or Medicine,George Wald,11/18/1906,"New York, NY"
1992,Physics,Georges Charpak,8/1/1924,Dabrovica
1984,Physiology or Medicine,Georges J.F. Köhler,4/17/1946,Munich
1958,Peace,Georges Pire,2/10/1910,Dinant
1972,Physiology or Medicine,Gerald M. Edelman,7/1/1929,"New York, NY"
1983,Economic Sciences,Gerard Debreu,7/4/1921,Calais
2018,Physics,Gérard Mourou,6/22/1944,Albertville
1999,Physics,Gerardus 't Hooft,7/5/1946,Den Helder
1986,Physics,Gerd Binnig,7/20/1947,Frankfurt-on-the-Main
1939,Physiology or Medicine,Gerhard Domagk,1895-10-30,Lagow
2007,Chemistry,Gerhard Ertl,10/10/1936,Bad Cannstatt
1971,Chemistry,Gerhard Herzberg,12/25/1904,Hamburg
1912,Literature,Gerhart Hauptmann,1862-11-15,Bad Salzbrunn
1988,Physiology or Medicine,Gertrude B. Elion,1/23/1918,"New York, NY"
1947,Physiology or Medicine,Gerty Cori,1896-08-15,Prague
1963,Literature,Giorgos Seferis,3/13/1900,Smyrna
1906,Literature,Giosuè Carducci,1835-07-27,Val di Castello
1963,Chemistry,Giulio Natta,2/26/1903,Imperia
1951,Chemistry,Glenn T. Seaborg,4/19/1912,"Ishpeming, MI"
1979,Physiology or Medicine,Godfrey N. Hounsfield,8/28/1919,Newark
2006,Peace,Grameen Bank,,
1926,Literature,Grazia Deledda,1871-09-27,"Nuoro, Sardinia"
2019,Physiology or Medicine,Gregg L. Semenza,7/12/1956,"New York, NY"
1909,Physics,Guglielmo Marconi,1874-04-25,Bologna
1974,Economic Sciences,Gunnar Myrdal,1898-12-06,Skattungbyn
1999,Physiology or Medicine,Günter Blobel,5/21/1936,Waltersdorf
1999,Literature,Günter Grass,10/16/1927,Danzig
1912,Physics,Gustaf Dalén,1869-11-30,Stenstorp
1925,Physics,Gustav Hertz,1887-07-22,Hamburg
1926,Peace,Gustav Stresemann,1878-05-10,Berlin
2004,Physics,H. David Politzer,8/31/1949,"New York, NY"
1968,Physiology or Medicine,H. Gobind Khorana,1/9/1922,Raipur
2002,Physiology or Medicine,H. Robert Horvitz,5/8/1947,"Chicago, IL"
1955,Literature,Halldór Laxness,4/23/1902,Reykjavik
1978,Physiology or Medicine,Hamilton O. Smith,8/23/1931,"New York, NY"
1970,Physics,Hannes Alfvén,5/30/1908,Norrköping
1967,Physics,Hans Bethe,7/2/1906,Strasbourg
1930,Chemistry,Hans Fischer,1881-07-27,Hoechst
1989,Physics,Hans G. Dehmelt,9/9/1922,Görlitz
1953,Physiology or Medicine,Hans Krebs,8/25/1900,Hildesheim
1935,Physiology or Medicine,Hans Spemann,1869-06-27,Stuttgart
1929,Chemistry,Hans von Euler-Chelpin,1873-02-15,Augsburg
2008,Physiology or Medicine,Harald zur Hausen,3/11/1936,Gelsenkirchen
1934,Chemistry,Harold C. Urey,1893-04-29,"Walkerton, IN"
1989,Physiology or Medicine,Harold E. Varmus,12/18/1939,"Oceanside, NY"
2005,Literature,Harold Pinter,10/10/1930,London
1990,Economic Sciences,Harry M. Markowitz,8/24/1927,"Chicago, IL"
1974,Literature,Harry Martinson,5/6/1904,Jämshög
1988,Chemistry,Hartmut Michel,7/18/1948,Ludwigsburg
1913,Physics,Heike Kamerlingh Onnes,1853-09-21,Groningen
1972,Literature,Heinrich Böll,12/21/1917,Cologne
1986,Physics,Heinrich Rohrer,6/6/1933,Buchs
1927,Chemistry,Heinrich Wieland,1877-06-04,Pforzheim
1902,Physics,Hendrik A. Lorentz,1853-07-18,Arnhem
1903,Physics,Henri Becquerel,1852-12-15,Paris
1927,Literature,Henri Bergson,1859-10-18,Paris
1913,Peace,Henri La Fontaine,1854-04-22,Brussels
1906,Chemistry,Henri Moissan,1852-09-28,Paris
1943,Physiology or Medicine,Henrik Dam,1895-02-21,Copenhagen
1917,Literature,Henrik Pontoppidan,1857-07-24,Fredericia
1901,Peace,Henry Dunant,1828-05-08,Geneva
1973,Peace,Henry Kissinger,5/27/1923,Fürth
1983,Chemistry,Henry Taube,11/30/1915,Neudorf
1990,Physics,Henry W. Kendall,12/9/1926,"Boston, MA"
1905,Literature,Henryk Sienkiewicz,1846-05-05,Wola Okrzejska
1985,Chemistry,Herbert A. Hauptman,2/14/1917,"New York, NY"
1979,Chemistry,Herbert C. Brown,5/22/1912,London
2000,Physics,Herbert Kroemer,8/25/1928,Weimar
1944,Physiology or Medicine,Herbert S. Gasser,1888-07-05,"Platteville, WI"
1978,Economic Sciences,Herbert Simon,6/15/1916,"Milwaukee, WI"
1946,Literature,Hermann Hesse,1877-07-02,Calw
1946,Physiology or Medicine,Hermann J. Muller,1890-12-21,"New York, NY"
1953,Chemistry,Hermann Staudinger,1881-03-23,Worms
2009,Literature,Herta Müller,8/17/1953,"Nitzkydorf, Banat"
2000,Chemistry,Hideki Shirakawa,8/20/1936,Tokyo
1949,Physics,Hideki Yukawa,1/23/1907,Tokyo
2014,Physics,Hiroshi Amano,9/11/1960,Hamamatsu
1921,Peace,Hjalmar Branting,1860-11-23,Stockholm
1998,Physics,Horst L. Störmer,4/6/1949,Frankfurt-on-the-Main
1975,Physiology or Medicine,Howard M. Temin,12/10/1934,"Philadelphia, PA"
1955,Physiology or Medicine,Hugo Theorell,7/6/1903,Linköping
1958,Physics,Igor Y. Tamm,1895-07-08,Vladivostok
1958,Physics,Il´ja M. Frank,10/23/1908,Leningrad
1908,Physiology or Medicine,Ilya Mechnikov,1845-05-15,Kharkov
1977,Chemistry,Ilya Prigogine,1/25/1917,Moscow
2002,Literature,Imre Kertész,11/9/1929,Budapest
1904,Peace,Institute of International Law,,
2007,Peace,Intergovernmental Panel on Climate Change,,
2005,Peace,International Atomic Energy Agency,,
2017,Peace,International Campaign to Abolish Nuclear Weapons (ICAN),,
1997,Peace,International Campaign to Ban Landmines,,
1917,Peace,International Committee of the Red Cross,,
1969,Peace,International Labour Organization,,
1985,Peace,International Physicians for the Prevention of Nuclear War,,
1935,Chemistry,Irène Joliot-Curie,1897-09-12,Paris
1932,Chemistry,Irving Langmuir,1881-01-31,"Brooklyn, NY"
2004,Chemistry,Irwin Rose,7/16/1926,"Brooklyn, NY"
1978,Literature,Isaac Bashevis Singer,7/14/1904,Leoncin
2014,Physics,Isamu Akasaki,1/30/1929,Chiran
1944,Physics,Isidor Isaac Rabi,1898-07-29,Rymanow
1933,Literature,Ivan Bunin,1870-10-22,Voronezh
1904,Physiology or Medicine,Ivan Pavlov,1849-09-14,Ryazan
1973,Physics,Ivar Giaever,4/5/1929,Bergen
1961,Literature,Ivo Andric,1892-10-10,Dolac
1987,Physics,J. Georg Bednorz,5/16/1950,Neuenkirchen
1963,Physics,J. Hans D. Jensen,6/25/1907,Hamburg
2003,Literature,J. M. Coetzee,2/9/1940,Cape Town
1989,Physiology or Medicine,J. Michael Bishop,2/22/1936,"York, PA"
2016,Physics,J. Michael Kosterlitz,6/22/1943,Aberdeen
2005,Physiology or Medicine,J. Robin Warren,6/11/1937,Adelaide
1906,Physics,J.J. Thomson,1856-12-18,Cheetham Hill
1922,Literature,Jacinto Benavente,1866-08-12,Madrid
2000,Physics,Jack Kilby,11/8/1923,"Jefferson City, MO"
1988,Physics,Jack Steinberger,5/25/1921,Bad Kissingen
2009,Physiology or Medicine,Jack W. Szostak,11/9/1952,London
1901,Chemistry,Jacobus H. van 't Hoff,1852-08-30,Rotterdam
2017,Chemistry,Jacques Dubochet,6/8/1942,Aigle
1965,Physiology or Medicine,Jacques Monod,2/9/1910,Paris
1996,Economic Sciences,James A. Mirrlees,7/5/1936,Minnigaff
1946,Chemistry,James B. Sumner,1887-11-19,"Canton, MA"
1935,Physics,James Chadwick,1891-10-20,Manchester
1980,Physics,James Cronin,9/29/1931,"Chicago, IL"
1977,Economic Sciences,James E. Meade,6/23/1907,Swanage
2013,Physiology or Medicine,James E. Rothman,11/3/1950,"Haverhill, MA"
1925,Physics,James Franck,1882-08-26,Hamburg
2000,Economic Sciences,James J. Heckman,4/19/1944,"Chicago, IL"
1986,Economic Sciences,James M. Buchanan Jr.,10/3/1919,"Murfreesboro, TN"
2018,Physiology or Medicine,James P. Allison,8/7/1948,"Alice, TX"
2019,Physics,James Peebles,4/25/1935,Winnipeg
1975,Physics,James Rainwater,12/9/1917,"Council, ID"
1981,Economic Sciences,James Tobin,3/5/1918,"Champaign, IL"
1962,Physiology or Medicine,James Watson,4/6/1928,"Chicago, IL"
1969,Economic Sciences,Jan Tinbergen,4/12/1903,the Hague
1931,Peace,Jane Addams,1860-09-06,"Cedarville, IL"
1959,Chemistry,Jaroslav Heyrovsky,1890-12-20,Prague
1984,Literature,Jaroslav Seifert,9/23/1901,Prague
1926,Physics,Jean Baptiste Perrin,1870-09-30,Lille
1980,Physiology or Medicine,Jean Dausset,10/19/1916,Toulouse
2014,Economic Sciences,Jean Tirole,8/9/1953,Troyes
2008,Literature,Jean-Marie Gustave Le Clézio,4/13/1940,Nice
1987,Chemistry,Jean-Marie Lehn,9/30/1939,Rosheim
1964,Literature,Jean-Paul Sartre,6/21/1905,Paris
2016,Chemistry,Jean-Pierre Sauvage,10/21/1944,Paris
2017,Physiology or Medicine,Jeffrey C. Hall,5/3/1945,"New York, NY"
1997,Chemistry,Jens C. Skou,10/8/1918,Lemvig
1990,Physics,Jerome I. Friedman,3/28/1930,"Chicago, IL"
1985,Chemistry,Jerome Karle,6/18/1918,"New York, NY"
2002,Peace,Jimmy Carter,10/1/1924,"Plains, GA"
2017,Chemistry,Joachim Frank,9/12/1940,Siegen
1997,Peace,Jody Williams,10/9/1950,"Putney, VT"
1988,Chemistry,Johann Deisenhofer,9/30/1943,Zusamaltheim
1910,Physics,Johannes Diderik van der Waals,1837-11-23,Leiden
1926,Physiology or Medicine,Johannes Fibiger,1867-04-23,Silkeborg
1919,Physics,Johannes Stark,1874-04-15,Schickenhof
1944,Literature,Johannes V. Jensen,1873-01-20,Farsø
2002,Chemistry,John B. Fenn,6/15/1917,"New York, NY"
2019,Chemistry,John B. Goodenough,7/25/1922,Jena
1956,Physics,John Bardeen,5/23/1908,"Madison, WI"
1994,Economic Sciences,John C. Harsanyi,5/29/1920,Budapest
1962,Chemistry,John C. Kendrew,3/24/1917,Oxford
2006,Physics,John C. Mather,8/7/1946,"Roanoke, VA"
1986,Chemistry,John C. Polanyi,1/23/1929,Berlin
1951,Physics,John Cockcroft,1897-05-27,Todmorden
1975,Chemistry,John Cornforth,9/7/1917,Sydney
2002,Physiology or Medicine,John E. Sulston,3/27/1942,Cambridge
1997,Chemistry,John E. Walker,1/7/1941,Halifax
1954,Physiology or Medicine,John F. Enders,1897-02-10,"West Hartford, CT"
1994,Economic Sciences,John F. Nash Jr.,6/13/1928,"Bluefield, WV"
1932,Literature,John Galsworthy,1867-08-14,Kingston Hill
1946,Chemistry,John H. Northrop,1891-07-05,"Yonkers, NY"
1977,Physics,John H. van Vleck,1899-03-13,"Middletown, CT"
1998,Peace,John Hume,1/18/1937,Londonderry
2005,Physics,John L. Hall,8/21/1934,"Denver, CO"
1923,Physiology or Medicine,John Macleod,1876-09-06,Cluny
2014,Physiology or Medicine,John O'Keefe,11/18/1939,"New York, NY"
1998,Chemistry,John Pople,10/31/1925,Burnham-on-Sea
1972,Economic Sciences,John R. Hicks,4/8/1904,Warwick
1946,Peace,John R. Mott,1865-05-25,"Livingston Manor, NY"
1982,Physiology or Medicine,John R. Vane,3/29/1927,Tardebigg
1962,Literature,John Steinbeck,2/27/1902,"Salinas, CA"
1904,Literature,José Echegaray,1832-04-19,Madrid
1996,Peace,José Ramos-Horta,12/26/1949,Dili
1998,Literature,José Saramago,11/16/1922,Azinhaga
1987,Literature,Joseph Brodsky,5/24/1940,Leningrad
1990,Physiology or Medicine,Joseph E. Murray,4/1/1919,"Milford, MA"
2001,Economic Sciences,Joseph E. Stiglitz,2/9/1943,"Gary, IN"
1944,Physiology or Medicine,Joseph Erlanger,1874-01-05,"San Francisco, CA"
1993,Physics,Joseph H. Taylor Jr.,3/29/1941,"Philadelphia, PA"
1985,Physiology or Medicine,Joseph L. Goldstein,4/18/1940,"Sumter, SC"
1995,Peace,Joseph Rotblat,11/4/1908,Warsaw
1958,Physiology or Medicine,Joshua Lederberg,5/23/1925,"Montclair, NJ"
2016,Peace,Juan Manuel Santos,8/10/1951,Bogotá
1956,Literature,Juan Ramón Jiménez,1881-12-24,Moguer
2011,Physiology or Medicine,Jules A. Hoffmann,8/2/1941,Echternach
1919,Physiology or Medicine,Jules Bordet,1870-06-13,Soignies
1965,Physics,Julian Schwinger,2/12/1918,"New York, NY"
1970,Physiology or Medicine,Julius Axelrod,5/30/1912,"New York, NY"
1927,Physiology or Medicine,Julius Wagner-Jauregg,1857-03-07,Wels
1987,Physics,K. Alex Müller,4/20/1927,Basel
1981,Physics,Kai M. Siegbahn,4/20/1918,Lund
2014,Peace,Kailash Satyarthi,1/11/1954,Vidisha
1917,Literature,Karl Gjellerup,1857-06-02,Roholte
1930,Physiology or Medicine,Karl Landsteiner,1868-06-14,Vienna
1973,Physiology or Medicine,Karl von Frisch,1886-11-20,Vienna
1963,Chemistry,Karl Ziegler,1898-11-26,Helsa
1993,Chemistry,Kary B. Mullis,12/28/1944,"Lenoir, NC"
2017,Literature,Kazuo Ishiguro,11/8/1954,Nagasaki
1967,Physiology or Medicine,Keffer Hartline,12/22/1903,"Bloomsburg, PA"
1981,Chemistry,Kenichi Fukui,10/4/1918,Nara
1982,Physics,Kenneth G. Wilson,6/8/1936,"Waltham, MA"
1972,Economic Sciences,Kenneth J. Arrow,8/23/1921,"New York, NY"
1994,Literature,Kenzaburo Oe,1/31/1935,Uchiko
2000,Peace,Kim Dae-jung,12/3/1925,Mokpo
2017,Physics,Kip S. Thorne,6/1/1940,"Logan, UT"
1908,Peace,Klas Pontus Arnoldson,1844-10-27,Gothenburg
1985,Physics,Klaus von Klitzing,6/28/1943,Schroda
1920,Literature,Knut Hamsun,1859-08-04,Lom
2001,Peace,Kofi Annan,4/8/1938,Kumasi
2002,Chemistry,Koichi Tanaka,8/3/1959,Toyama City
1964,Physiology or Medicine,Konrad Bloch,1/21/1912,Neisse
1973,Physiology or Medicine,Konrad Lorenz,11/7/1903,Vienna
2010,Physics,Konstantin Novoselov,8/23/1974,Nizhny Tagil
1950,Chemistry,Kurt Alder,7/10/1902,Königshütte
2002,Chemistry,Kurt Wüthrich,10/4/1938,Aarberg
1968,Chemistry,Lars Onsager,11/27/1903,Kristiania
2013,Economic Sciences,Lars Peter Hansen,10/26/1952,"Urbana, IL"
1915,Physics,Lawrence Bragg,1890-03-31,Adelaide
1980,Economic Sciences,Lawrence R. Klein,9/14/1920,"Omaha, NE"
1973,Peace,Le Duc Tho ,10/14/1911,Nam Ha province
1963,Peace,League of Red Cross Societies,,
1983,Peace,Lech Walesa,9/29/1943,Popowo
2001,Physiology or Medicine,Leland Hartwell,10/30/1939,"Los Angeles, CA"
1973,Physics,Leo Esaki,3/12/1925,Osaka
1920,Peace,Léon Bourgeois,1851-05-21,Paris
1951,Peace,Léon Jouhaux,1879-07-01,Paris
1988,Physics,Leon M. Lederman,7/15/1922,"New York, NY"
1972,Physics,Leon N. Cooper,2/28/1930,"New York, NY"
2007,Economic Sciences,Leonid Hurwicz,8/21/1917,Moscow
1975,Economic Sciences,Leonid Vitaliyevich Kantorovich,1/19/1912,St. Petersburg
1939,Chemistry,Leopold Ruzicka,1887-09-13,Vukovar
1957,Peace,Lester Bowles Pearson,1897-04-23,Toronto
1962,Physics,Lev Landau,1/22/1908,Baku
2011,Peace,Leymah Gbowee,2/1/1972,Monrovia
2004,Physiology or Medicine,Linda B. Buck,1/29/1947,"Seattle, WA"
1962,Peace,Linus Pauling,2/28/1901,"Portland, OR"
2010,Peace,Liu Xiaobo,12/28/1955,Changchun
2012,Economic Sciences,Lloyd S. Shapley,6/2/1923,"Cambridge, MA"
1949,Peace,Lord Boyd Orr,1880-09-23,Kilmaurs
1904,Physics,Lord Rayleigh,1842-11-12,"Langford Grove, Maldon, Essex"
1957,Chemistry,Lord Todd,10/2/1907,Glasgow
1929,Physics,Louis de Broglie,1892-08-15,Dieppe
1998,Physiology or Medicine,Louis J. Ignarro,5/31/1941,"Brooklyn, NY"
1970,Physics,Louis Néel,11/22/1904,Lyon
1907,Peace,Louis Renault,1843-05-21,Autun
2008,Physiology or Medicine,Luc Montagnier,8/18/1932,Chabris
1927,Peace,Ludwig Quidde,1858-03-23,Bremen
1934,Literature,Luigi Pirandello,1867-06-28,"Agrigento, Sicily"
1968,Physics,Luis Alvarez,6/13/1911,"San Francisco, CA"
1970,Chemistry,Luis Leloir,9/6/1906,Paris
2019,Chemistry,M. Stanley Whittingham,12/22/1941,
1976,Peace,Mairead Corrigan,1/27/1944,Belfast
2008,Physics,Makoto Kobayashi,4/7/1944,Nagoya
2014,Peace,Malala Yousafzai,7/12/1997,Mingora
1967,Chemistry,Manfred Eigen,5/9/1927,Bochum
1924,Physics,Manne Siegbahn,1886-12-03,Örebro
1963,Physics,Maria Goeppert Mayer,6/28/1906,Kattowitz
1903,Physics,Marie Curie,1867-11-07,Warsaw
1995,Chemistry,Mario J. Molina,3/19/1943,Mexico City
2007,Physiology or Medicine,Mario R. Capecchi,10/6/1937,Verona
2010,Literature,Mario Vargas Llosa,3/28/1936,Arequipa
1968,Physiology or Medicine,Marshall W. Nirenberg,4/10/1927,"New York, NY"
2008,Chemistry,Martin Chalfie,1/15/1947,"Chicago, IL"
2013,Chemistry,Martin Karplus,3/15/1930,Vienna
1995,Physics,Martin L. Perl,6/24/1927,"New York, NY"
1964,Peace,Martin Luther King Jr.,1/15/1929,"Atlanta, GA"
1994,Physiology or Medicine,Martin Rodbell,12/1/1925,"Baltimore, MD"
1974,Physics,Martin Ryle,9/27/1918,Brighton
1999,Physics,Martinus J.G. Veltman,6/27/1931,Waalwijk
2008,Peace,Martti Ahtisaari,6/23/1937,Viipuri
2002,Physics,Masatoshi Koshiba,9/19/1926,Toyohashi
1988,Economic Sciences,Maurice Allais,5/31/1911,Paris
1911,Literature,Maurice Maeterlinck,1862-08-29,Ghent
1962,Physiology or Medicine,Maurice Wilkins,12/15/1916,Pongaroa
1954,Physics,Max Born,1882-12-11,Breslau
1969,Physiology or Medicine,Max Delbrück,9/4/1906,Berlin
1962,Chemistry,Max F. Perutz,5/19/1914,Vienna
1918,Physics,Max Planck,1858-04-23,Kiel
1951,Physiology or Medicine,Max Theiler,1899-01-30,Pretoria
1914,Physics,Max von Laue,1879-10-09,Pfaffendorf
2014,Physiology or Medicine,May-Britt Moser,1/4/1963,Fosnavåg
1999,Peace,Médecins Sans Frontières,,
1961,Chemistry,Melvin Calvin,4/8/1911,"St. Paul, MN"
1988,Physics,Melvin Schwartz,11/2/1932,"New York, NY"
1978,Peace,Menachem Begin,8/16/1913,Brest Litovsk
1990,Economic Sciences,Merton H. Miller,5/16/1923,"Boston, MA"
2019,Economic Sciences,Michael Kremer,11/12/1964,"New York, NY"
2013,Chemistry,Michael Levitt,5/9/1947,Pretoria
2017,Physiology or Medicine,Michael Rosbash,3/7/1944,"Kansas City, MO"
1985,Physiology or Medicine,Michael S. Brown,4/13/1941,"New York, NY"
1993,Chemistry,Michael Smith,4/26/1932,Blackpool
2017,Physiology or Medicine,Michael W. Young,3/28/1949,"Miami, FL"
2019,Physics,Michel Mayor,1/12/1942,Lausanne
1967,Literature,Miguel Angel Asturias,1899-10-19,Guatemala City
1990,Peace,Mikhail Gorbachev,3/2/1931,Privolnoye
1965,Literature,Mikhail Sholokhov,5/24/1905,Veshenskaya
1976,Economic Sciences,Milton Friedman,7/31/1912,"Brooklyn, NY"
2012,Literature,Mo Yan,2/2/1955,Gaomi
2005,Peace,Mohamed ElBaradei,6/17/1942,Cairo
1979,Peace,Mother Teresa ,8/26/1910,Uskup
2006,Peace,Muhammad Yunus,6/28/1940,Chittagong
1969,Physics,Murray Gell-Mann,9/15/1929,"New York, NY"
1997,Economic Sciences,Myron Scholes,7/1/1941,"Timmins, ON"
2018,Peace,Nadia Murad,1993-00-00,Kojo
1991,Literature,Nadine Gordimer,11/20/1923,Springs
1988,Literature,Naguib Mahfouz,12/11/1911,Cairo
1938,Peace,Nansen International Office for Refugees,,
1930,Peace,Nathan Söderblom,1866-01-15,Trönö
2015,Peace,National Dialogue Quartet ,,
1966,Literature,Nelly Sachs,1891-12-10,Berlin
1993,Peace,Nelson Mandela,7/18/1918,Qunu
1931,Peace,Nicholas Murray Butler,1862-04-02,"Elizabeth, NJ"
1981,Physics,Nicolaas Bloembergen,3/11/1920,Dordrecht
1964,Physics,Nicolay G. Basov,12/14/1922,Usman
1922,Physics,Niels Bohr,1885-10-07,Copenhagen
1984,Physiology or Medicine,Niels K. Jerne,12/23/1911,London
1903,Physiology or Medicine,Niels Ryberg Finsen,1860-12-15,Thorshavn
1973,Physiology or Medicine,Nikolaas Tinbergen,4/15/1907,the Hague
1956,Chemistry,Nikolay Semenov,1896-04-03,Saratov
1970,Peace,Norman Borlaug,3/25/1914,"Cresco, IA"
1989,Physics,Norman F. Ramsey,8/27/1915,"Washington, DC"
1937,Chemistry,Norman Haworth,1883-03-19,Chorley
1990,Literature,Octavio Paz,3/31/1914,Mexico City
1969,Chemistry,Odd Hassel,1897-05-17,Kristiania
1979,Literature,Odysseus Elytis,11/2/1911,Iráklion
1954,Peace,Office of the United Nations High Commissioner for Refugees,,
2018,Literature,Olga Tokarczuk,1/29/1962,Sulechów
2009,Economic Sciences,Oliver E. Williamson,9/27/1932,"Superior, WI"
2016,Economic Sciences,Oliver Hart,10/9/1948,London
2007,Physiology or Medicine,Oliver Smithies,6/23/1925,Halifax
2013,Peace,Organisation for the Prohibition of Chemical Weapons,,
2006,Literature,Orhan Pamuk,6/7/1952,Istanbul
2008,Chemistry,Osamu Shimomura,8/27/1928,Kyoto
1987,Peace,Oscar Arias Sánchez,9/13/1940,Heredia
1950,Chemistry,Otto Diels,1876-01-23,Hamburg
1944,Chemistry,Otto Hahn,1879-03-08,Frankfurt-on-the-Main
1936,Physiology or Medicine,Otto Loewi,1873-06-03,Frankfurt-on-the-Main
1922,Physiology or Medicine,Otto Meyerhof,1884-04-12,Hanover
1943,Physics,Otto Stern,1888-02-17,Sorau
1910,Chemistry,Otto Wallach,1847-03-27,Koenigsberg
1931,Physiology or Medicine,Otto Warburg,1883-10-08,Freiburg im Breisgau
1959,Physics,Owen Chamberlain,7/10/1920,"San Francisco, CA"
1928,Physics,Owen Willans Richardson,1879-04-26,Dewsbury
1971,Literature,Pablo Neruda,7/12/1904,Parral
1951,Literature,Pär Lagerkvist,1891-05-23,Växjö
1948,Physics,Patrick M.S. Blackett,1897-11-18,London
2014,Literature,Patrick Modiano,7/30/1945,Paris
1973,Literature,Patrick White,5/28/1912,London
1970,Economic Sciences,Paul A. Samuelson,5/15/1915,"Gary, IN"
1933,Physics,Paul A.M. Dirac,8/8/1902,Bristol
1980,Chemistry,Paul Berg,6/30/1926,"New York, NY"
2003,Physiology or Medicine,Paul C. Lauterbur,5/6/1929,"Sidney, OH"
1997,Chemistry,Paul D. Boyer,7/31/1918,"Provo, UT"
1908,Physiology or Medicine,Paul Ehrlich,1854-03-14,Strehlen
2000,Physiology or Medicine,Paul Greengard,12/11/1925,"New York, NY"
1909,Peace,Paul Henri d'Estournelles de Constant,1852-11-22,La Flèche
1910,Literature,Paul Heyse,1830-03-15,Berlin
1995,Chemistry,Paul J. Crutzen,12/3/1933,Amsterdam
1974,Chemistry,Paul J. Flory,6/19/1910,"Sterling, IL"
1937,Chemistry,Paul Karrer,1889-04-21,Moscow
2008,Economic Sciences,Paul Krugman,2/28/1953,"New York, NY"
2018,Economic Sciences,Paul M. Romer,1955-00-00,"Denver, CO"
2015,Chemistry,Paul Modrich,6/13/1946,"Raton, NM"
1948,Physiology or Medicine,Paul Müller,1899-01-12,Olten
1912,Chemistry,Paul Sabatier,1854-11-05,Carcassonne
1958,Physics,Pavel A. Cherenkov,7/28/1904,Novaya Chigla
1938,Literature,Pearl Buck,1892-06-26,"Hillsboro, WV"
1946,Physics,Percy W. Bridgman,1882-04-21,"Cambridge, MA"
1910,Peace,Permanent International Peace Bureau,,
2010,Economic Sciences,Peter A. Diamond,4/29/1940,"New York, NY"
2003,Chemistry,Peter Agre,1/30/1949,"Northfield, MN"
1996,Physiology or Medicine,Peter C. Doherty,10/15/1940,Brisbane
1936,Chemistry,Peter Debye,1884-03-24,Maastricht
2007,Physics,Peter Grünberg,5/18/1939,Plzen
2019,Literature,Peter Handke,12/6/1942,Griffen
2013,Physics,Peter Higgs,5/29/1929,Newcastle upon Tyne
1960,Physiology or Medicine,Peter Medawar,2/28/1915,Rio de Janeiro
1978,Chemistry,Peter Mitchell,9/29/1920,Mitcham
1966,Physiology or Medicine,Peyton Rous,1879-10-05,"Baltimore, MD"
1959,Peace,Philip Noel-Baker,1889-11-01,London
1950,Physiology or Medicine,Philip S. Hench,1896-02-28,"Pittsburgh, PA"
1977,Physics,Philip W. Anderson,12/13/1923,"Indianapolis, IN"
1905,Physics,Philipp Lenard,1862-06-07,Pressburg
1993,Physiology or Medicine,Phillip A. Sharp,6/6/1944,"Falmouth, KY"
1903,Physics,Pierre Curie,1859-05-15,Paris
1991,Physics,Pierre-Gilles de Gennes,10/24/1932,Paris
1902,Physics,Pieter Zeeman,1865-05-25,Zonnemaire
1955,Physics,Polykarp Kusch,1/26/1911,Blankenburg
1995,Peace,Pugwash Conferences on Science and World Affairs,,
1978,Physics,Pyotr Kapitsa,1894-07-09,Kronshtadt
1913,Literature,Rabindranath Tagore,1861-05-07,Calcutta
1969,Economic Sciences,Ragnar Frisch,1895-03-03,Oslo
1967,Physiology or Medicine,Ragnar Granit,10/30/1900,Helsinki
2017,Physics,Rainer Weiss,9/29/1932,Berlin
1950,Peace,Ralph Bunche,8/7/1904,"Detroit, MI"
2011,Physiology or Medicine,Ralph M. Steinman,1/14/1943,Montreal
1903,Peace,Randal Cremer,1828-03-18,Fareham
2013,Physiology or Medicine,Randy W. Schekman,12/30/1948,"St. Paul, MN"
2002,Physics,Raymond Davis Jr.,10/14/1914,"Washington, DC"
1994,Economic Sciences,Reinhard Selten,10/5/1930,Breslau
1975,Physiology or Medicine,Renato Dulbecco,2/22/1914,Catanzaro
1968,Peace,René Cassin,1887-10-05,Bayonne
2002,Physics,Riccardo Giacconi,10/6/1931,Genoa
2004,Physiology or Medicine,Richard Axel,7/2/1946,"New York, NY"
1996,Chemistry,Richard E. Smalley,6/6/1943,"Akron, OH"
1990,Physics,Richard E. Taylor,11/2/1929,"Medicine Hat, Alberta"
2010,Chemistry,Richard F. Heck,8/15/1931,"Springfield, MA"
2017,Economic Sciences,Richard H. Thaler,9/12/1945,"East Orange, NJ"
2017,Chemistry,Richard Henderson,7/19/1945,Edinburgh
1993,Physiology or Medicine,Richard J. Roberts,9/6/1943,Derby
1938,Chemistry,Richard Kuhn,12/3/1900,Vienna
1952,Chemistry,Richard L.M. Synge,10/28/1914,Liverpool
1965,Physics,Richard P. Feynman,5/11/1918,"New York, NY"
1991,Chemistry,Richard R. Ernst,8/14/1933,Winterthur
2005,Chemistry,Richard R. Schrock,1/4/1945,"Berne, IN"
1984,Economic Sciences,Richard Stone,8/30/1913,London
1915,Chemistry,Richard Willstätter,1872-08-13,Karlsruhe
1925,Chemistry,Richard Zsigmondy,1865-04-01,Vienna
1992,Peace,Rigoberta Menchú Tum,1/9/1959,Aldea Chimel
1986,Physiology or Medicine,Rita Levi-Montalcini,4/22/1909,Turin
1981,Chemistry,Roald Hoffmann,7/18/1937,Zloczov
1923,Physics,Robert A. Millikan,1868-03-22,"Morrison, IL"
1998,Physics,Robert B. Laughlin,11/1/1950,"Visalia, CA"
1965,Chemistry,Robert B. Woodward,4/10/1917,"Boston, MA"
1914,Physiology or Medicine,Robert Bárány,1876-04-22,Vienna
1997,Economic Sciences,Robert C. Merton,7/31/1944,"New York, NY"
1996,Physics,Robert C. Richardson,6/26/1937,"Washington, DC"
1937,Peace,"Robert Cecil, Viscount Cecil of Chelwood",1864-09-14,London
1995,Economic Sciences,Robert E. Lucas Jr.,9/15/1937,"Yakima, WA"
1996,Chemistry,Robert F. Curl Jr.,8/23/1933,"Alice, TX"
2003,Economic Sciences,Robert F. Engle III,11/10/1942,"Syracuse, NY"
1998,Physiology or Medicine,Robert F. Furchgott,6/4/1916,"Charleston, SC"
2010,Physiology or Medicine,Robert G. Edwards,9/27/1925,Batley
2005,Chemistry,Robert H. Grubbs,2/27/1942,"Possum Trot, KY"
1961,Physics,Robert Hofstadter,2/5/1915,"New York, NY"
1988,Chemistry,Robert Huber,2/20/1937,Munich
2005,Economic Sciences,Robert J. Aumann,6/8/1930,Frankfurt-on-the-Main
2012,Chemistry,Robert J. Lefkowitz,4/15/1943,"New York, NY"
2013,Economic Sciences,Robert J. Shiller,3/29/1946,"Detroit, MI"
1905,Physiology or Medicine,Robert Koch,1843-12-11,Clausthal
1987,Economic Sciences,Robert M. Solow,8/23/1924,"Brooklyn, NY"
1999,Economic Sciences,Robert Mundell,10/24/1932,"Kingston, ON"
1966,Chemistry,Robert S. Mulliken,1896-06-07,"Newburyport, MA"
1972,Physics,Robert Schrieffer,5/31/1931,"Oak Park, IL"
1993,Economic Sciences,Robert W. Fogel,7/1/1927,"New York, NY"
1968,Physiology or Medicine,Robert W. Holley,1/28/1922,"Urbana, IL"
1978,Physics,Robert Woodrow Wilson,1/10/1936,"Houston, TX"
2003,Chemistry,Roderick MacKinnon,2/19/1956,"Burlington, MA"
1972,Physiology or Medicine,Rodney R. Porter,10/8/1917,Newton-le-Willows
2007,Economic Sciences,Roger B. Myerson,3/29/1951,"Boston, MA"
2006,Chemistry,Roger D. Kornberg,4/24/1947,"St. Louis, MO"
1977,Physiology or Medicine,Roger Guillemin,1/11/1924,Dijon
1937,Literature,Roger Martin du Gard,1881-03-23,Neuilly-sur-Seine
1981,Physiology or Medicine,Roger W. Sperry,8/20/1913,"Hartford, CT"
2008,Chemistry,Roger Y. Tsien,2/1/1952,"New York, NY"
1996,Physiology or Medicine,Rolf M. Zinkernagel,1/6/1944,Basel
1915,Literature,Romain Rolland,1866-01-29,Clamecy
1967,Chemistry,Ronald G.W. Norrish,1897-11-09,Cambridge
1991,Economic Sciences,Ronald H. Coase,12/29/1910,Willesden
1902,Physiology or Medicine,Ronald Ross,1857-05-13,Almora
1977,Physiology or Medicine,Rosalyn Yalow,7/19/1921,"New York, NY"
2005,Physics,Roy J. Glauber,9/1/1925,"New York, NY"
1908,Literature,Rudolf Eucken,1846-01-05,Aurich
1961,Physics,Rudolf Mössbauer,1/31/1929,Munich
1992,Chemistry,Rudolph A. Marcus,7/21/1923,Montreal
1907,Literature,Rudyard Kipling,1865-12-30,Bombay
1993,Physics,Russell A. Hulse,11/28/1950,"New York, NY"
2001,Chemistry,Ryoji Noyori,9/3/1938,Kobe
1960,Literature,Saint-John Perse,1887-05-31,Pointe-à-Pitre
1969,Physiology or Medicine,Salvador E. Luria,8/13/1912,Torino
1959,Literature,Salvatore Quasimodo,8/20/1901,Modica
1969,Literature,Samuel Beckett,4/13/1906,Dublin
1976,Physics,Samuel C.C. Ting,1/27/1936,"Ann Arbor, MI"
1906,Physiology or Medicine,Santiago Ramón y Cajal,1852-05-01,Petilla de Aragón
2015,Physiology or Medicine,Satoshi &#332;mura,7/12/1935,Yamanashi Prefecture
1976,Literature,Saul Bellow,6/10/1915,Montreal
2011,Physics,Saul Perlmutter,1959-00-00,"Champaign-Urbana, IL"
1995,Literature,Seamus Heaney,4/13/1939,Casteldàwson
1974,Peace,Seán MacBride,1/26/1904,Paris
1909,Literature,Selma Lagerlöf,1858-11-20,Mårbacka
1952,Physiology or Medicine,Selman A. Waksman,1888-07-22,Priluka
2012,Physics,Serge Haroche,9/11/1944,Casablanca
1959,Physiology or Medicine,Severo Ochoa,9/24/1905,Luarca
1979,Physics,Sheldon Glashow,12/5/1932,"New York, NY"
1994,Peace,Shimon Peres,8/16/1923,Vishneva
2012,Physiology or Medicine,Shinya Yamanaka,9/4/1962,Osaka
2003,Peace,Shirin Ebadi,6/21/1947,Hamadan
1966,Literature,Shmuel Agnon,1888-07-17,Buczacz
2014,Physics,Shuji Nakamura,5/22/1954,Ikata
1989,Chemistry,Sidney Altman,5/7/1939,Montreal
1928,Literature,Sigrid Undset,1882-05-20,Kalundborg
1971,Economic Sciences,Simon Kuznets,4/30/1901,Pinsk
1984,Physics,Simon van der Meer,11/24/1925,the Hague
1965,Physics,Sin-Itiro Tomonaga,3/31/1906,Kyoto
1930,Literature,Sinclair Lewis,1885-02-07,"Sauk Centre, MN"
1945,Physiology or Medicine,Sir Alexander Fleming,1881-08-06,Lochfield
1979,Economic Sciences,Sir Arthur Lewis,1/23/1915,Castries
1925,Peace,Sir Austen Chamberlain,1863-10-16,Birmingham
1970,Physiology or Medicine,Sir Bernard Katz,3/26/1911,Leipzig
1930,Physics,Sir Chandrasekhara Venkata Raman,1888-11-07,Tiruchirappalli
1932,Physiology or Medicine,Sir Charles Sherrington,1857-11-27,London
1956,Chemistry,Sir Cyril Hinshelwood,1897-05-19,London
1960,Physiology or Medicine,Sir Frank Macfarlane Burnet,1899-09-03,Traralgon
1929,Physiology or Medicine,Sir Frederick Hopkins,1861-06-20,Eastbourne
2018,Chemistry,Sir Gregory P. Winter,4/14/1951,Leicester
1996,Chemistry,Sir Harold Kroto,10/7/1939,Wisbech
1936,Physiology or Medicine,Sir Henry Dale,1875-06-09,London
1945,Physiology or Medicine,Sir Howard Florey,1898-09-24,Adelaide
2016,Chemistry,Sir J. Fraser Stoddart,5/24/1942,Edinburgh
1988,Physiology or Medicine,Sir James W. Black,6/14/1924,Uddingston
2012,Physiology or Medicine,Sir John B. Gurdon,10/2/1933,Dippenhall
1963,Physiology or Medicine,Sir John Eccles,1/27/1903,Melbourne
2007,Physiology or Medicine,Sir Martin J. Evans,1/1/1941,Stroud
1977,Physics,Sir Nevill F. Mott,9/30/1905,Leeds
1933,Peace,Sir Norman Angell,1872-12-26,Holbeach
2001,Physiology or Medicine,Sir Paul Nurse,1/25/1949,Norwich
2019,Physiology or Medicine,Sir Peter J. Ratcliffe,5/14/1954,Lancashire
2003,Physiology or Medicine,Sir Peter Mansfield,10/9/1933,London
1947,Chemistry,Sir Robert Robinson,1886-09-13,"Rufford, near Chesterfield"
1904,Chemistry,Sir William Ramsay,1852-10-02,Glasgow
1972,Chemistry,Stanford Moore,9/4/1913,"Chicago, IL"
1997,Physiology or Medicine,Stanley B. Prusiner,5/28/1942,"Des Moines, IA"
1986,Physiology or Medicine,Stanley Cohen,11/17/1922,"Brooklyn, NY"
2014,Chemistry,Stefan W. Hell,12/23/1962,Arad
1997,Physics,Steven Chu,2/28/1948,"St. Louis, MO"
1979,Physics,Steven Weinberg,5/3/1933,"New York, NY"
1983,Physics,Subramanyan Chandrasekhar,10/19/1910,Lahore
1901,Literature,Sully Prudhomme,1839-03-16,Paris
1982,Physiology or Medicine,Sune K. Bergström,1/10/1916,Stockholm
1987,Physiology or Medicine,Susumu Tonegawa,9/5/1939,Nagoya
1903,Chemistry,Svante Arrhenius,1859-02-19,Vik
2015,Literature,Svetlana Alexievich,5/31/1948,Ivano-Frankivsk
2002,Physiology or Medicine,Sydney Brenner,1/13/1927,Germiston
1948,Literature,T.S. Eliot,1888-09-26,"St. Louis, MO"
1950,Physiology or Medicine,Tadeus Reichstein,1897-07-20,Wloclawek
2015,Physics,Takaaki Kajita,3/9/1959,Higashimatsuyama
2018,Physiology or Medicine,Tasuku Honjo,1/27/1942,Kyoto
2011,Peace,Tawakkol Karman,2/7/1979,Ta'izz
1989,Peace,The 14th Dalai Lama ,7/6/1935,Taktser
1926,Chemistry,The Svedberg,1884-08-30,Fleräng
1909,Physiology or Medicine,Theodor Kocher,1841-08-25,Bern
1902,Literature,Theodor Mommsen,1817-11-30,Garding
2005,Physics,Theodor W. Hänsch,10/30/1941,Heidelberg
1906,Peace,Theodore Roosevelt,1858-10-27,"New York, NY"
1914,Chemistry,Theodore W. Richards,1868-01-31,"Germantown, PA"
1979,Economic Sciences,Theodore W. Schultz,4/30/1902,"Arlington, SD"
2009,Chemistry,Thomas A. Steitz,8/23/1940,"Milwaukee, WI"
2005,Economic Sciences,Thomas C. Schelling,4/14/1921,"Oakland, CA"
2013,Physiology or Medicine,Thomas C. Südhof,12/22/1955,Göttingen
1933,Physiology or Medicine,Thomas H. Morgan,1866-09-25,"Lexington, KY"
1954,Physiology or Medicine,Thomas H. Weller,6/15/1915,"Ann Arbor, MI"
2011,Economic Sciences,Thomas J. Sargent,7/19/1943,"Pasadena, CA"
1929,Literature,Thomas Mann,1875-06-06,Lübeck
1989,Chemistry,Thomas R. Cech,12/8/1947,"Chicago, IL"
2001,Physiology or Medicine,Tim Hunt,2/19/1943,Neston
1975,Economic Sciences,Tjalling C. Koopmans,8/28/1910,'s Graveland
1911,Peace,Tobias Asser,1838-04-28,Amsterdam
2015,Chemistry,Tomas Lindahl,1/28/1938,Stockholm
2011,Literature,Tomas Tranströmer,4/15/1931,Stockholm
1993,Literature,Toni Morrison,2/18/1931,"Lorain, OH"
1981,Physiology or Medicine,Torsten N. Wiesel,6/3/1924,Uppsala
2008,Physics,Toshihide Maskawa,2/7/1940,Nagoya
1989,Economic Sciences,Trygve Haavelmo,12/13/1911,Skedsmo
1957,Physics,Tsung-Dao Lee,11/24/1926,Shanghai
2015,Physiology or Medicine,Tu Youyou,12/30/1930,Zhejiang Ningbo
1970,Physiology or Medicine,Ulf von Euler,2/7/1905,Stockholm
2001,Peace,United Nations,,
1965,Peace,United Nations Children's Fund,,
1988,Peace,United Nations Peacekeeping Forces,,
2001,Literature,V. S. Naipaul,8/17/1932,Chaguanas
1980,Physics,Val Fitch,3/10/1923,"Merriman, NE"
2009,Chemistry,Venkatraman Ramakrishnan,1952-00-00,"Chidambaram, Tamil Nadu"
1916,Literature,Verner von Heidenstam,1859-07-06,Olshammar
2002,Economic Sciences,Vernon L. Smith,1/1/1927,"Wichita, KS"
1977,Literature,Vicente Aleixandre,1898-04-26,Sevilla
1936,Physics,Victor F. Hess,1883-06-24,Peggau
1912,Chemistry,Victor Grignard,1871-05-06,Cherbourg
1955,Chemistry,Vincent du Vigneaud,5/18/1901,"Chicago, IL"
2003,Physics,Vitaly L. Ginzburg,10/4/1916,Moscow
1975,Chemistry,Vladimir Prelog,7/23/1906,Sarajevo
1980,Chemistry,Walter Gilbert,3/21/1932,"Boston, MA"
1956,Physics,Walter H. Brattain,2/10/1902,Amoy
1949,Physiology or Medicine,Walter Hess,1881-03-17,Frauenfeld
1998,Chemistry,Walter Kohn,3/9/1923,Vienna
1954,Physics,Walther Bothe,1891-01-08,Oranienburg
1920,Chemistry,Walther Nernst,1864-06-25,Briesen
2004,Peace,Wangari Maathai,4/1/1940,Nyeri
1973,Economic Sciences,Wassily Leontief,8/5/1906,St. Petersburg
1946,Chemistry,Wendell M. Stanley,8/16/1904,"Ridgeville, IN"
1978,Physiology or Medicine,Werner Arber,6/3/1929,Gränichen
1956,Physiology or Medicine,Werner Forssmann,8/29/1904,Berlin
1932,Physics,Werner Heisenberg,12/5/1901,Würzburg
1901,Physics,Wilhelm Conrad Röntgen,1845-03-27,Lennep
1909,Chemistry,Wilhelm Ostwald,1853-09-02,Riga
1911,Physics,Wilhelm Wien,1864-01-13,Gaffken
1960,Chemistry,Willard F. Libby,12/17/1908,"Grand Valley, CO"
2009,Physics,Willard S. Boyle,8/19/1924,"Amherst, NS"
1924,Physiology or Medicine,Willem Einthoven,1860-05-21,Semarang
1983,Physics,William A. Fowler,8/9/1911,"Pittsburgh, PA"
1956,Physics,William B. Shockley,2/13/1910,London
1915,Physics,William Bragg,1862-07-02,Wigton
1923,Literature,William Butler Yeats,1865-06-13,Dublin
2015,Physiology or Medicine,William C. Campbell,6/28/1930,Ramelton
2018,Economic Sciences,William D. Nordhaus,5/31/1941,"Albuquerque, NM"
1997,Physics,William D. Phillips,11/5/1948,"Wilkes-Barre, PA"
2014,Chemistry,William E. Moerner,6/24/1953,"Pleasanton, CA"
1949,Chemistry,William F. Giauque,1895-05-12,Niagara Falls
1990,Economic Sciences,William F. Sharpe,6/16/1934,"Boston, MA"
1949,Literature,William Faulkner,1897-09-25,"New Albany, MS"
2019,Physiology or Medicine,William G. Kaelin Jr,11/23/1957,"New York, NY"
1983,Literature,William Golding,9/19/1911,St. Columb Minor
1972,Chemistry,William H. Stein,6/25/1911,"New York, NY"
2001,Chemistry,William Knowles,6/1/1917,"Taunton, MA"
1976,Chemistry,William Lipscomb,12/9/1919,"Cleveland, OH"
1934,Physiology or Medicine,William P. Murphy,1892-02-06,"Stoughton, WI"
1996,Economic Sciences,William Vickrey,6/21/1914,"Victoria, BC"
1955,Physics,Willis E. Lamb,7/12/1913,"Los Angeles, CA"
1971,Peace,Willy Brandt,12/18/1913,Lübeck
1953,Literature,Winston Churchill,1874-11-30,Woodstock
1996,Literature,Wislawa Szymborska,7/2/1923,Bnin
1924,Literature,Wladyslaw Reymont,1867-05-07,Kobiele Wielkie
1986,Literature,Wole Soyinka,7/13/1934,Abeokuta
2001,Physics,Wolfgang Ketterle,10/21/1957,Heidelberg
1989,Physics,Wolfgang Paul,8/10/1913,Lorenzkirch
1945,Physics,Wolfgang Pauli,4/25/1900,Vienna
1919,Peace,Woodrow Wilson,1856-12-28,"Staunton, VA"
1994,Peace,Yasser Arafat,8/24/1929,Cairo
1968,Literature,Yasunari Kawabata,1899-06-11,Osaka
1994,Peace,Yitzhak Rabin,3/1/1922,Jerusalem
2008,Physics,Yoichiro Nambu,1/18/1921,Tokyo
2016,Physiology or Medicine,Yoshinori Ohsumi,2/9/1945,Fukuoka
1986,Chemistry,Yuan T. Lee,11/19/1936,Hsinchu
2005,Chemistry,Yves Chauvin,10/10/1930,Menin
2000,Physics,Zhores Alferov,3/15/1930,"Vitebsk, Belorussia"
1980,Chemistry,Frederick Sanger,8/13/1918,Rendcombe
1944,Peace,International Committee of the Red Cross,,
1972,Physics,John Bardeen,5/23/1908,"Madison, WI"
1954,Chemistry,Linus Pauling,2/28/1901,"Portland, OR"
1911,Chemistry,Marie Curie,1867-11-07,Warsaw
